fitness,frontAmp,backAmp,frontFreq,backFreq,frontOffset,backOffset,motorJointRange
4.55559832624337,0.21105901643901567,0.21105901643901567,3.6578032573196473,3.6578032573196473,0.13574591178442286,8.938189696691675,3.3672540338747465
4.409866898281242,2.79989321387913,2.79989321387913,43.36730394102714,43.36730394102714,4.934435226527061,6.991458657340549,4.306007499247042
4.136846985035481,2.1571948971446533,2.1571948971446533,43.0488999461878,43.0488999461878,2.123362633936626,4.582914273325175,2.8445729245817724
2.3301743398125963,1.699044187157261,1.699044187157261,2.1806741030169885,2.1806741030169885,0.711100334188018,0.2422793774682227,0.3705275927191217
2.2486426598888234,0.13708620548330017,0.13708620548330017,0.4644638547849833,0.4644638547849833,0.8733545936773455,0.031744218714588324,0.14967512362794666
2.236993955169048,2.1890311126352877,2.1890311126352877,2.974306234134989,2.974306234134989,5.648481718500964e-05,0.5181642784728651,0.757902983702747
2.2333128839673013,1.6467265589338653,1.6467265589338653,6.38106984930989,6.38106984930989,0.5836138875420904,0.5959333026401668,0.8921415554117255
2.214451767498928,2.9454166288944874,2.9454166288944874,1.3535523439068098,1.3535523439068098,0.6971132142053957,0.6760547917806758,0.07685519496596527
2.224404540250185,1.6158582148602436,1.6158582148602436,6.5650971349517135,6.5650971349517135,0.2664991513352899,5.797734565447619,0.712366359139
