fitness,frontAmp,backAmp,frontFreq,backFreq,frontOffset,backOffset,motorJointRange
2.8229289541626774,0.7853981633974483,0.7853981633974483,1,1,0,0.2,0.5
2.847965159324153,0.7853981633974483,0.7853981633974483,1.0,1.0,0.0,0.2,0.5
2.431953980821976,0.7853981633974483,0.7853981633974483,1.0,1.0,0.0,0.2,0.5
2.6159482690733764,0.3256826905124247,0.4632730511751097,7.166894473103541,0.5292418079019057,0.15216591244784838,0.2,0.4974057739194885
2.365596836190518,1.1812828844916015,0.5252004630255909,7.77905384748135,9.807748967793797,0.4151813598141838,0.2,0.265768818595412
1.9023976329665593,1.3317474560732303,0.7516181274182159,0.9637184145797928,1.0316832090756967,0.9853855799972465,0.2,0.09304538161501741
2.6729025220221665,0.3453907684076493,1.5647334500368912,3.4409881033478107,2.0906428021547994,0.6319169038839193,0.2,0.3819799314063477
1.458026334379389,2.630568683907051,0.8206449629275792,3.530452414916864,8.190029993719353,0.8598359239177794,0.2,0.019276008288384938
