fitness,frontAmp,backAmp,frontFreq,backFreq,frontOffset,backOffset,motorJointRange
1.1125790985805761,1.298349992517802,0.3746859245693379,4.978168762465724,7.626386014473782,0.8101038849441965,0.2509221809323203,0.006981787833223563
0.9664577413871729,1.086033477838745,0.3746859245693379,2.5255373897199074,3.845736883159124,0.6871074836739328,0.2509221809323203,0.6583341319822242
0.8468937341969381,0.43974039016353494,1.4161771309522397,9.151676492833719,1.0721233703516897,0.34293301048617986,0.8527449702520362,0.09678129692340076
1.2726233842575394,2.1556337203358393,0.9701019979028982,2.154727599098629,0.439267485892022,0.2150760907686874,0.03489460330853589,0.3108924424881956
1.2391533994520758,2.02161724665988,2.02161724665988,8.87286289324497,8.87286289324497,0.2150760907686874,0.03489460330853589,0.39149955117517354
1.2291590638210688,1.4661287021316611,1.4661287021316611,4.291204878597188,4.291204878597188,0.2150760907686874,0.03489460330853589,0.8870686140291376
1.585625054994065,2.434994717857337,2.434994717857337,2.309918843953863,2.309918843953863,0.2150760907686874,0.03489460330853589,0.5367953951197822
2.1350713494831464,0.22139802705780356,0.22139802705780356,7.199743534648585,7.199743534648585,0.2150760907686874,0.03489460330853589,0.1556832814399901
